Seita.3G259200,AGTTATAATTCA,1,
Seita.9G557700,GCAAATCAAT,1,
Seita.9G047821,CCCATTTT,1,
Seita.3G259201,AGTTATAATTCA,1,
Seita.9G557701,GCAAATCAAT,1,
Seita.9G047802,CCCATTTT,1,
Seita.3G259203,AGTTATAATTCA,1,
Seita.9G557703,GCAAATCAAT,1,
Seita.9G047800,CCCATTTT,1,
Seita.3G259200,AGTTATAATTCA,1,
Seita.9G557700,GCAAATCAAT,1,
Seita.9G047865,CCCATTTT,1,
Seita.3G259223,AGTTATAATTCA,1,
Seita.9G557709,GCAAATCAAT,1,
Seita.9G047807,CCCATTTT,1,
Seita.3G259206,AGTTATAATTCA,1,
Seita.9G557704,GCAAATCAAT,1,
Seita.9G047801,CCCATTTT,1,
Seita.9G047802,CCCATTTTA,1,
Seita.9G047803,CCCATTTTAT,1,
Seita.9G047804,CCCATTTTATT,1,
Seita.9G047805,CCCATTTTATTA,1,
Seita.9G047806,CCCATTTTATTAT,1,
Seita.9G047807,CCCATTTTATTATTA,0,
Seita.9G047808,CCCATTTTATTATTAAT,0,
Seita.9G047809,CCCATTTTATTATTAATG,0,
Seita.9G047810,CCCATTTTATTATTAATGAT,0,
Seita.9G047811,CCCATTTTATTATTAATGATC,0,
Seita.9G047812,CCCATTTTATTATTAATGATCGA,0,
Seita.9G047813,CCCATTTTATTATTAATGATCGAAC,0,
Seita.9G047814,CCCATTTTATTATTAATGATCGAACG,0,
Seita.9G047815,CCCATTTTATTATTAATGATCGAACGTA,0,




